13101,"100  ","1000000","トウキョウト","チヨダク","イカニケイサイガナイバアイ","東京都","千代田区","以下に掲載がない場合",0,0,0,0,0,0
13101,"100  ","1000011","トウキョウト","チヨダク","ウチサイワイチョウ","東京都","千代田区","内幸町",0,0,1,0,0,0
13101,"100  ","1000004","トウキョウト","チヨダク","オオテマチ（ツギノビルヲノゾク）","東京都","千代田区","大手町（次のビルを除く）",0,0,1,0,0,0
13101,"100  ","1000013","トウキョウト","チヨダク","カスミガセキ（ツギノビルヲノゾク）","東京都","千代田区","霞が関（次のビルを除く）",0,0,1,0,0,0
13101,"100  ","1000002","トウキョウト","チヨダク","コウキョガイエン","東京都","千代田区","皇居外苑",0,0,0,0,0,0
13101,"100  ","1000001","トウキョウト","チヨダク","チヨダ","東京都","千代田区","千代田",0,0,0,0,0,0
13101,"100  ","1000014","トウキョウト","チヨダク","ナガタチョウ（ツギノビルヲノゾク）","東京都","千代田区","永田町（次のビルを除く）",0,0,1,0,0,0
13101,"100  ","1000003","トウキョウト","チヨダク","ヒトツバシ（１チョウメ）","東京都","千代田区","一ツ橋（１丁目）",1,0,1,0,0,0
13101,"100  ","1000012","トウキョウト","チヨダク","ヒビヤコウエン","東京都","千代田区","日比谷公園",0,0,0,0,0,0
13101,"100  ","1000005","トウキョウト","チヨダク","マルノウチ（ツギノビルヲノゾク）","東京都","千代田区","丸の内（次のビルを除く）",0,0,1,0,0,0
13101,"100  ","1000006","トウキョウト","チヨダク","ユウラクチョウ","東京都","千代田区","有楽町",0,0,1,0,0,0
13101,"101  ","1010032","トウキョウト","チヨダク","イワモトチョウ","東京都","千代田区","岩本町",0,0,1,0,0,0
13101,"101  ","1010047","トウキョウト","チヨダク","ウチカンダ","東京都","千代田区","内神田",0,0,1,0,0,0
13101,"101  ","1010044","トウキョウト","チヨダク","カジチョウ","東京都","千代田区","鍛冶町",0,0,1,0,0,0
13101,"101  ","1010029","トウキョウト","チヨダク","カンダアイオイチョウ","東京都","千代田区","神田相生町",0,0,0,0,0,0
13101,"101  ","1010063","トウキョウト","チヨダク","カンダアワジチョウ","東京都","千代田区","神田淡路町",0,0,1,0,0,0
13101,"101  ","1010024","トウキョウト","チヨダク","カンダイズミチョウ","東京都","千代田区","神田和泉町",0,0,0,0,0,0
13101,"101  ","1010033","トウキョウト","チヨダク","カンダイワモトチョウ","東京都","千代田区","神田岩本町",0,0,0,0,0,0
13101,"101  ","1010052","トウキョウト","チヨダク","カンダオガワマチ","東京都","千代田区","神田小川町",0,0,1,0,0,0
13101,"101  ","1010045","トウキョウト","チヨダク","カンダカジチョウ","東京都","千代田区","神田鍛冶町",0,0,1,0,0,0
13101,"101  ","1010036","トウキョウト","チヨダク","カンダキタノリモノチョウ","東京都","千代田区","神田北乗物町",0,0,0,0,0,0
13101,"101  ","1010035","トウキョウト","チヨダク","カンダコンヤチョウ","東京都","千代田区","神田紺屋町",0,0,0,0,0,0
13101,"101  ","1010026","トウキョウト","チヨダク","カンダサクマガシ","東京都","千代田区","神田佐久間河岸",0,0,0,0,0,0
13101,"101  ","1010025","トウキョウト","チヨダク","カンダサクマチョウ","東京都","千代田区","神田佐久間町",0,0,1,0,0,0
13101,"101  ","1010064","トウキョウト","チヨダク","カンダサルガクチョウ","東京都","千代田区","神田猿楽町",0,0,1,0,0,0
13101,"101  ","1010051","トウキョウト","チヨダク","カンダジンボウチョウ","東京都","千代田区","神田神保町",0,0,1,0,0,0
13101,"101  ","1010041","トウキョウト","チヨダク","カンダスダチョウ","東京都","千代田区","神田須田町",0,0,1,0,0,0
13101,"101  ","1010062","トウキョウト","チヨダク","カンダスルガダイ","東京都","千代田区","神田駿河台",0,0,1,0,0,0
13101,"101  ","1010046","トウキョウト","チヨダク","カンダタチョウ","東京都","千代田区","神田多町",0,0,1,0,0,0
13101,"101  ","1010048","トウキョウト","チヨダク","カンダツカサマチ","東京都","千代田区","神田司町",0,0,1,0,0,0
13101,"101  ","1010043","トウキョウト","チヨダク","カンダトミヤマチョウ","東京都","千代田区","神田富山町",0,0,0,0,0,0
13101,"101  ","1010054","トウキョウト","チヨダク","カンダニシキチョウ","東京都","千代田区","神田錦町",0,0,1,0,0,0
13101,"101  ","1010037","トウキョウト","チヨダク","カンダニシフクダチョウ","東京都","千代田区","神田西福田町",0,0,0,0,0,0
13101,"101  ","1010022","トウキョウト","チヨダク","カンダネリベイチョウ","東京都","千代田区","神田練塀町",0,0,0,0,0,0
13101,"101  ","1010028","トウキョウト","チヨダク","カンダハナオカチョウ","東京都","千代田区","神田花岡町",0,0,0,0,0,0
13101,"101  ","1010034","トウキョウト","チヨダク","カンダヒガシコンヤチョウ","東京都","千代田区","神田東紺屋町",0,0,0,0,0,0
13101,"101  ","1010042","トウキョウト","チヨダク","カンダヒガシマツシタチョウ","東京都","千代田区","神田東松下町",0,0,0,0,0,0
13101,"101  ","1010027","トウキョウト","チヨダク","カンダヒラカワチョウ","東京都","千代田区","神田平河町",0,0,0,0,0,0
13101,"101  ","1010023","トウキョウト","チヨダク","カンダマツナガチョウ","東京都","千代田区","神田松永町",0,0,0,0,0,0
13101,"101  ","1010038","トウキョウト","チヨダク","カンダミクラチョウ","東京都","千代田区","神田美倉町",0,0,0,0,0,0
13101,"101  ","1010061","トウキョウト","チヨダク","カンダミサキチョウ","東京都","千代田区","神田三崎町",0,0,1,0,0,0
13101,"101  ","1010053","トウキョウト","チヨダク","カンダミトシロチョウ","東京都","千代田区","神田美土代町",0,0,0,0,0,0
13101,"101  ","1010021","トウキョウト","チヨダク","ソトカンダ","東京都","千代田区","外神田",0,0,1,0,0,0
13101,"101  ","1010065","トウキョウト","チヨダク","ニシカンダ","東京都","千代田区","西神田",0,0,1,0,0,0
13101,"101  ","1010031","トウキョウト","チヨダク","ヒガシカンダ","東京都","千代田区","東神田",0,0,1,0,0,0
13101,"101  ","1010003","トウキョウト","チヨダク","ヒトツバシ（２チョウメ）","東京都","千代田区","一ツ橋（２丁目）",1,0,1,0,0,0
13101,"102  ","1020072","トウキョウト","チヨダク","イイダバシ","東京都","千代田区","飯田橋",0,0,1,0,0,0
13101,"102  ","1020082","トウキョウト","チヨダク","イチバンチョウ","東京都","千代田区","一番町",0,0,0,0,0,0
13101,"102  ","1020094","トウキョウト","チヨダク","キオイチョウ","東京都","千代田区","紀尾井町",0,0,0,0,0,0
13101,"102  ","1020091","トウキョウト","チヨダク","キタノマルコウエン","東京都","千代田区","北の丸公園",0,0,0,0,0,0
13101,"102  ","1020074","トウキョウト","チヨダク","クダンミナミ","東京都","千代田区","九段南",0,0,1,0,0,0
13101,"102  ","1020073","トウキョウト","チヨダク","クダンキタ","東京都","千代田区","九段北",0,0,1,0,0,0
13101,"102  ","1020083","トウキョウト","チヨダク","コウジマチ","東京都","千代田区","麹町",0,0,1,0,0,0
13101,"102  ","1020076","トウキョウト","チヨダク","ゴバンチョウ","東京都","千代田区","五番町",0,0,0,0,0,0
13101,"102  ","1020075","トウキョウト","チヨダク","サンバンチョウ","東京都","千代田区","三番町",0,0,0,0,0,0
13101,"102  ","1020084","トウキョウト","チヨダク","ニバンチョウ","東京都","千代田区","二番町",0,0,0,0,0,0
13101,"102  ","1020092","トウキョウト","チヨダク","ハヤブサチョウ","東京都","千代田区","隼町",0,0,0,0,0,0
13101,"102  ","1020093","トウキョウト","チヨダク","ヒラカワチョウ","東京都","千代田区","平河町",0,0,1,0,0,0
13101,"102  ","1020071","トウキョウト","チヨダク","フジミ","東京都","千代田区","富士見",0,0,1,0,0,0
13101,"102  ","1020081","トウキョウト","チヨダク","ヨンバンチョウ","東京都","千代田区","四番町",0,0,0,0,0,0
13101,"102  ","1020085","トウキョウト","チヨダク","ロクバンチョウ","東京都","千代田区","六番町",0,0,0,0,0,0
13101,"100  ","1007090","トウキョウト","チヨダク","マルノウチジェイピータワー（チカイ・カイソウフメイ）","東京都","千代田区","丸の内ＪＰタワー（地階・階層不明）",0,0,0,0,0,0
13101,"100  ","1007001","トウキョウト","チヨダク","マルノウチジェイピータワー（１カイ）","東京都","千代田区","丸の内ＪＰタワー（１階）",0,0,0,0,0,0
13101,"100  ","1007002","トウキョウト","チヨダク","マルノウチジェイピータワー（２カイ）","東京都","千代田区","丸の内ＪＰタワー（２階）",0,0,0,0,0,0
13101,"100  ","1007003","トウキョウト","チヨダク","マルノウチジェイピータワー（３カイ）","東京都","千代田区","丸の内ＪＰタワー（３階）",0,0,0,0,0,0
13101,"100  ","1007004","トウキョウト","チヨダク","マルノウチジェイピータワー（４カイ）","東京都","千代田区","丸の内ＪＰタワー（４階）",0,0,0,0,0,0
13101,"100  ","1007005","トウキョウト","チヨダク","マルノウチジェイピータワー（５カイ）","東京都","千代田区","丸の内ＪＰタワー（５階）",0,0,0,0,0,0
13101,"100  ","1007006","トウキョウト","チヨダク","マルノウチジェイピータワー（６カイ）","東京都","千代田区","丸の内ＪＰタワー（６階）",0,0,0,0,0,0
13101,"100  ","1007007","トウキョウト","チヨダク","マルノウチジェイピータワー（７カイ）","東京都","千代田区","丸の内ＪＰタワー（７階）",0,0,0,0,0,0
13101,"100  ","1007008","トウキョウト","チヨダク","マルノウチジェイピータワー（８カイ）","東京都","千代田区","丸の内ＪＰタワー（８階）",0,0,0,0,0,0
13101,"100  ","1007009","トウキョウト","チヨダク","マルノウチジェイピータワー（９カイ）","東京都","千代田区","丸の内ＪＰタワー（９階）",0,0,0,0,0,0
13101,"100  ","1007010","トウキョウト","チヨダク","マルノウチジェイピータワー（１０カイ）","東京都","千代田区","丸の内ＪＰタワー（１０階）",0,0,0,0,0,0
13101,"100  ","1007011","トウキョウト","チヨダク","マルノウチジェイピータワー（１１カイ）","東京都","千代田区","丸の内ＪＰタワー（１１階）",0,0,0,0,0,0
13101,"100  ","1007012","トウキョウト","チヨダク","マルノウチジェイピータワー（１２カイ）","東京都","千代田区","丸の内ＪＰタワー（１２階）",0,0,0,0,0,0
13101,"100  ","1007013","トウキョウト","チヨダク","マルノウチジェイピータワー（１３カイ）","東京都","千代田区","丸の内ＪＰタワー（１３階）",0,0,0,0,0,0
13101,"100  ","1007014","トウキョウト","チヨダク","マルノウチジェイピータワー（１４カイ）","東京都","千代田区","丸の内ＪＰタワー（１４階）",0,0,0,0,0,0
13101,"100  ","1007015","トウキョウト","チヨダク","マルノウチジェイピータワー（１５カイ）","東京都","千代田区","丸の内ＪＰタワー（１５階）",0,0,0,0,0,0
13101,"100  ","1007016","トウキョウト","チヨダク","マルノウチジェイピータワー（１６カイ）","東京都","千代田区","丸の内ＪＰタワー（１６階）",0,0,0,0,0,0
13101,"100  ","1007017","トウキョウト","チヨダク","マルノウチジェイピータワー（１７カイ）","東京都","千代田区","丸の内ＪＰタワー（１７階）",0,0,0,0,0,0
13101,"100  ","1007018","トウキョウト","チヨダク","マルノウチジェイピータワー（１８カイ）","東京都","千代田区","丸の内ＪＰタワー（１８階）",0,0,0,0,0,0
13101,"100  ","1007019","トウキョウト","チヨダク","マルノウチジェイピータワー（１９カイ）","東京都","千代田区","丸の内ＪＰタワー（１９階）",0,0,0,0,0,0
13101,"100  ","1007020","トウキョウト","チヨダク","マルノウチジェイピータワー（２０カイ）","東京都","千代田区","丸の内ＪＰタワー（２０階）",0,0,0,0,0,0
13101,"100  ","1007021","トウキョウト","チヨダク","マルノウチジェイピータワー（２１カイ）","東京都","千代田区","丸の内ＪＰタワー（２１階）",0,0,0,0,0,0
13101,"100  ","1007022","トウキョウト","チヨダク","マルノウチジェイピータワー（２２カイ）","東京都","千代田区","丸の内ＪＰタワー（２２階）",0,0,0,0,0,0
13101,"100  ","1007023","トウキョウト","チヨダク","マルノウチジェイピータワー（２３カイ）","東京都","千代田区","丸の内ＪＰタワー（２３階）",0,0,0,0,0,0
13101,"100  ","1007024","トウキョウト","チヨダク","マルノウチジェイピータワー（２４カイ）","東京都","千代田区","丸の内ＪＰタワー（２４階）",0,0,0,0,0,0
13101,"100  ","1007025","トウキョウト","チヨダク","マルノウチジェイピータワー（２５カイ）","東京都","千代田区","丸の内ＪＰタワー（２５階）",0,0,0,0,0,0
13101,"100  ","1007026","トウキョウト","チヨダク","マルノウチジェイピータワー（２６カイ）","東京都","千代田区","丸の内ＪＰタワー（２６階）",0,0,0,0,0,0
13101,"100  ","1007027","トウキョウト","チヨダク","マルノウチジェイピータワー（２７カイ）","東京都","千代田区","丸の内ＪＰタワー（２７階）",0,0,0,0,0,0
13101,"100  ","1007028","トウキョウト","チヨダク","マルノウチジェイピータワー（２８カイ）","東京都","千代田区","丸の内ＪＰタワー（２８階）",0,0,0,0,0,0
13101,"100  ","1007029","トウキョウト","チヨダク","マルノウチジェイピータワー（２９カイ）","東京都","千代田区","丸の内ＪＰタワー（２９階）",0,0,0,0,0,0
13101,"100  ","1007030","トウキョウト","チヨダク","マルノウチジェイピータワー（３０カイ）","東京都","千代田区","丸の内ＪＰタワー（３０階）",0,0,0,0,0,0
13101,"100  ","1007031","トウキョウト","チヨダク","マルノウチジェイピータワー（３１カイ）","東京都","千代田区","丸の内ＪＰタワー（３１階）",0,0,0,0,0,0
13101,"100  ","1007032","トウキョウト","チヨダク","マルノウチジェイピータワー（３２カイ）","東京都","千代田区","丸の内ＪＰタワー（３２階）",0,0,0,0,0,0
13101,"100  ","1007033","トウキョウト","チヨダク","マルノウチジェイピータワー（３３カイ）","東京都","千代田区","丸の内ＪＰタワー（３３階）",0,0,0,0,0,0
13101,"100  ","1007034","トウキョウト","チヨダク","マルノウチジェイピータワー（３４カイ）","東京都","千代田区","丸の内ＪＰタワー（３４階）",0,0,0,0,0,0
13101,"100  ","1007035","トウキョウト","チヨダク","マルノウチジェイピータワー（３５カイ）","東京都","千代田区","丸の内ＪＰタワー（３５階）",0,0,0,0,0,0
13101,"100  ","1007036","トウキョウト","チヨダク","マルノウチジェイピータワー（３６カイ）","東京都","千代田区","丸の内ＪＰタワー（３６階）",0,0,0,0,0,0
13101,"100  ","1007037","トウキョウト","チヨダク","マルノウチジェイピータワー（３７カイ）","東京都","千代田区","丸の内ＪＰタワー（３７階）",0,0,0,0,0,0
13101,"100  ","1007038","トウキョウト","チヨダク","マルノウチジェイピータワー（３８カイ）","東京都","千代田区","丸の内ＪＰタワー（３８階）",0,0,0,0,0,0
13102,"103  ","1030000","トウキョウト","チュウオウク","イカニケイサイガナイバアイ","東京都","中央区","以下に掲載がない場合",0,0,0,0,0,0
13102,"103  ","1030027","トウキョウト","チュウオウク","ニホンバシ（ツギノビルヲノゾク）","東京都","中央区","日本橋（次のビルを除く）",0,0,1,0,0,0
13102,"103  ","1030011","トウキョウト","チュウオウク","ニホンバシオオデンマチョウ","東京都","中央区","日本橋大伝馬町",0,0,0,0,0,0
13102,"103  ","1030014","トウキョウト","チュウオウク","ニホンバシカキガラチョウ","東京都","中央区","日本橋蛎殻町",0,0,1,0,0,0
13102,"103  ","1030026","トウキョウト","チュウオウク","ニホンバシカブトチョウ","東京都","中央区","日本橋兜町",0,0,0,0,0,0
13102,"103  ","1030025","トウキョウト","チュウオウク","ニホンバシカヤバチョウ","東京都","中央区","日本橋茅場町",0,0,1,0,0,0
13102,"103  ","1030016","トウキョウト","チュウオウク","ニホンバシコアミチョウ","東京都","中央区","日本橋小網町",0,0,0,0,0,0
13102,"103  ","1030001","トウキョウト","チュウオウク","ニホンバシコデンマチョウ","東京都","中央区","日本橋小伝馬町",0,0,0,0,0,0
13102,"103  ","1030024","トウキョウト","チュウオウク","ニホンバシコブナチョウ","東京都","中央区","日本橋小舟町",0,0,0,0,0,0
13102,"103  ","1030006","トウキョウト","チュウオウク","ニホンバシトミザワチョウ","東京都","中央区","日本橋富沢町",0,0,0,0,0,0
13102,"103  ","1030008","トウキョウト","チュウオウク","ニホンバシナカス","東京都","中央区","日本橋中洲",0,0,0,0,0,0
13102,"103  ","1030013","トウキョウト","チュウオウク","ニホンバシニンギョウチョウ","東京都","中央区","日本橋人形町",0,0,1,0,0,0
13102,"103  ","1030015","トウキョウト","チュウオウク","ニホンバシハコザキチョウ","東京都","中央区","日本橋箱崎町",0,0,0,0,0,0
13102,"103  ","1030007","トウキョウト","チュウオウク","ニホンバシハマチョウ","東京都","中央区","日本橋浜町",0,0,1,0,0,0
13102,"103  ","1030002","トウキョウト","チュウオウク","ニホンバシバクロチョウ","東京都","中央区","日本橋馬喰町",0,0,1,0,0,0
13102,"103  ","1030005","トウキョウト","チュウオウク","ニホンバシヒサマツチョウ","東京都","中央区","日本橋久松町",0,0,0,0,0,0
13102,"103  ","1030012","トウキョウト","チュウオウク","ニホンバシホリドメチョウ","東京都","中央区","日本橋堀留町",0,0,1,0,0,0
13102,"103  ","1030021","トウキョウト","チュウオウク","ニホンバシホンゴクチョウ","東京都","中央区","日本橋本石町",0,0,1,0,0,0
13102,"103  ","1030023","トウキョウト","チュウオウク","ニホンバシホンチョウ","東京都","中央区","日本橋本町",0,0,1,0,0,0
13102,"103  ","1030022","トウキョウト","チュウオウク","ニホンバシムロマチ","東京都","中央区","日本橋室町",0,0,1,0,0,0
13102,"103  ","1030003","トウキョウト","チュウオウク","ニホンバシヨコヤマチョウ","東京都","中央区","日本橋横山町",0,0,0,0,0,0
13102,"103  ","1030004","トウキョウト","チュウオウク","ヒガシニホンバシ","東京都","中央区","東日本橋",0,0,1,0,0,0
13102,"103  ","1030028","トウキョウト","チュウオウク","ヤエス（１チョウメ）","東京都","中央区","八重洲（１丁目）",1,0,1,0,0,0
13102,"104  ","1040044","トウキョウト","チュウオウク","アカシチョウ","東京都","中央区","明石町",0,0,0,0,0,0
13102,"104  ","1040042","トウキョウト","チュウオウク","イリフネ","東京都","中央区","入船",0,0,1,0,0,0
13102,"104  ","1040054","トウキョウト","チュウオウク","カチドキ","東京都","中央区","勝どき",0,0,1,0,0,0
13102,"104  ","1040031","トウキョウト","チュウオウク","キョウバシ","東京都","中央区","京橋",0,0,1,0,0,0
13102,"104  ","1040061","トウキョウト","チュウオウク","ギンザ","東京都","中央区","銀座",0,0,1,0,0,0
13102,"104  ","1040033","トウキョウト","チュウオウク","シンカワ","東京都","中央区","新川",0,0,1,0,0,0
13102,"104  ","1040041","トウキョウト","チュウオウク","シントミ","東京都","中央区","新富",0,0,1,0,0,0
13102,"104  ","1040052","トウキョウト","チュウオウク","ツキシマ","東京都","中央区","月島",0,0,1,0,0,0
13102,"104  ","1040045","トウキョウト","チュウオウク","ツキジ","東京都","中央区","築地",0,0,1,0,0,0
13102,"104  ","1040051","トウキョウト","チュウオウク","ツクダ","東京都","中央区","佃",0,0,1,0,0,0
13102,"104  ","1040055","トウキョウト","チュウオウク","トヨミチョウ","東京都","中央区","豊海町",0,0,0,0,0,0
13102,"104  ","1040032","トウキョウト","チュウオウク","ハッチョウボリ","東京都","中央区","八丁堀",0,0,1,0,0,0
13102,"104  ","1040046","トウキョウト","チュウオウク","ハマリキュウテイエン","東京都","中央区","浜離宮庭園",0,0,0,0,0,0
13102,"104  ","1040053","トウキョウト","チュウオウク","ハルミ（ツギノビルヲノゾク）","東京都","中央区","晴海（次のビルを除く）",0,0,1,0,0,0
13102,"104  ","1040043","トウキョウト","チュウオウク","ミナト","東京都","中央区","湊",0,0,1,0,0,0
13102,"104  ","1040028","トウキョウト","チュウオウク","ヤエス（２チョウメ）","東京都","中央区","八重洲（２丁目）",1,0,1,0,0,0
13105,"112  ","1120000","トウキョウト","ブンキョウク","イカニケイサイガナイバアイ","東京都","文京区","以下に掲載がない場合",0,0,0,0,0,0
13105,"112  ","1120012","トウキョウト","ブンキョウク","オオツカ","東京都","文京区","大塚",0,0,1,0,0,0
13105,"112  ","1120013","トウキョウト","ブンキョウク","オトワ","東京都","文京区","音羽",0,0,1,0,0,0
13105,"112  ","1120003","トウキョウト","ブンキョウク","カスガ","東京都","文京区","春日",0,0,1,0,0,0
13105,"112  ","1120002","トウキョウト","ブンキョウク","コイシカワ","東京都","文京区","小石川",0,0,1,0,0,0
13105,"112  ","1120004","トウキョウト","ブンキョウク","コウラク","東京都","文京区","後楽",0,0,1,0,0,0
13105,"112  ","1120006","トウキョウト","ブンキョウク","コヒナタ","東京都","文京区","小日向",0,0,1,0,0,0
13105,"112  ","1120005","トウキョウト","ブンキョウク","スイドウ","東京都","文京区","水道",0,0,1,0,0,0
13105,"112  ","1120014","トウキョウト","ブンキョウク","セキグチ","東京都","文京区","関口",0,0,1,0,0,0
13105,"112  ","1120011","トウキョウト","ブンキョウク","センゴク","東京都","文京区","千石",0,0,1,0,0,0
13105,"112  ","1120001","トウキョウト","ブンキョウク","ハクサン（２−５チョウメ）","東京都","文京区","白山（２〜５丁目）",1,0,1,0,0,0
13105,"112  ","1120015","トウキョウト","ブンキョウク","メジロダイ","東京都","文京区","目白台",0,0,1,0,0,0
13105,"113  ","1130022","トウキョウト","ブンキョウク","センダギ","東京都","文京区","千駄木",0,0,1,0,0,0
13105,"113  ","1130024","トウキョウト","ブンキョウク","ニシカタ","東京都","文京区","西片",0,0,1,0,0,0
13105,"113  ","1130031","トウキョウト","ブンキョウク","ネヅ","東京都","文京区","根津",0,0,1,0,0,0
13105,"113  ","1130001","トウキョウト","ブンキョウク","ハクサン（１チョウメ）","東京都","文京区","白山（１丁目）",1,0,1,0,0,0
13105,"113  ","1130021","トウキョウト","ブンキョウク","ホンコマゴメ","東京都","文京区","本駒込",0,0,1,0,0,0
13105,"113  ","1130033","トウキョウト","ブンキョウク","ホンゴウ","東京都","文京区","本郷",0,0,1,0,0,0
13105,"113  ","1130023","トウキョウト","ブンキョウク","ムコウガオカ","東京都","文京区","向丘",0,0,1,0,0,0
13105,"113  ","1130032","トウキョウト","ブンキョウク","ヤヨイ","東京都","文京区","弥生",0,0,1,0,0,0
13105,"113  ","1130034","トウキョウト","ブンキョウク","ユシマ","東京都","文京区","湯島",0,0,1,0,0,0
13106,"110  ","1100000","トウキョウト","タイトウク","イカニケイサイガナイバアイ","東京都","台東区","以下に掲載がない場合",0,0,0,0,0,0
13106,"110  ","1100006","トウキョウト","タイトウク","アキハバラ","東京都","台東区","秋葉原",0,0,0,0,0,0
13106,"110  ","1100008","トウキョウト","タイトウク","イケノハタ","東京都","台東区","池之端",0,0,1,0,0,0
13106,"110  ","1100013","トウキョウト","タイトウク","イリヤ","東京都","台東区","入谷",0,0,1,0,0,0
13106,"110  ","1100005","トウキョウト","タイトウク","ウエノ","東京都","台東区","上野",0,0,1,0,0,0
13106,"110  ","1100007","トウキョウト","タイトウク","ウエノコウエン","東京都","台東区","上野公園",0,0,0,0,0,0
13106,"110  ","1100002","トウキョウト","タイトウク","ウエノサクラギ","東京都","台東区","上野桜木",0,0,1,0,0,0
13106,"110  ","1100014","トウキョウト","タイトウク","キタウエノ","東京都","台東区","北上野",0,0,1,0,0,0
13106,"110  ","1100004","トウキョウト","タイトウク","シタヤ","東京都","台東区","下谷",0,0,1,0,0,0
13106,"110  ","1100016","トウキョウト","タイトウク","タイトウ","東京都","台東区","台東",0,0,1,0,0,0
13106,"110  ","1100003","トウキョウト","タイトウク","ネギシ","東京都","台東区","根岸",0,0,1,0,0,0
13106,"110  ","1100015","トウキョウト","タイトウク","ヒガシウエノ","東京都","台東区","東上野",0,0,1,0,0,0
13106,"110  ","1100011","トウキョウト","タイトウク","ミノワ","東京都","台東区","三ノ輪",0,0,1,0,0,0
13106,"110  ","1100001","トウキョウト","タイトウク","ヤナカ","東京都","台東区","谷中",0,0,1,0,0,0
13106,"110  ","1100012","トウキョウト","タイトウク","リュウセン","東京都","台東区","竜泉",0,0,1,0,0,0
13106,"111  ","1110032","トウキョウト","タイトウク","アサクサ","東京都","台東区","浅草",0,0,1,0,0,0
13106,"111  ","1110053","トウキョウト","タイトウク","アサクサバシ","東京都","台東区","浅草橋",0,0,1,0,0,0
13106,"111  ","1110024","トウキョウト","タイトウク","イマド","東京都","台東区","今戸",0,0,1,0,0,0
13106,"111  ","1110034","トウキョウト","タイトウク","カミナリモン","東京都","台東区","雷門",0,0,1,0,0,0
13106,"111  ","1110022","トウキョウト","タイトウク","キヨカワ","東京都","台東区","清川",0,0,1,0,0,0
13106,"111  ","1110051","トウキョウト","タイトウク","クラマエ","東京都","台東区","蔵前",0,0,1,0,0,0
13106,"111  ","1110056","トウキョウト","タイトウク","コジマ","東京都","台東区","小島",0,0,1,0,0,0
13106,"111  ","1110042","トウキョウト","タイトウク","コトブキ","東京都","台東区","寿",0,0,1,0,0,0
13106,"111  ","1110043","トウキョウト","タイトウク","コマガタ","東京都","台東区","駒形",0,0,1,0,0,0
13106,"111  ","1110031","トウキョウト","タイトウク","センゾク","東京都","台東区","千束",0,0,1,0,0,0
13106,"111  ","1110054","トウキョウト","タイトウク","トリゴエ","東京都","台東区","鳥越",0,0,1,0,0,0
13106,"111  ","1110035","トウキョウト","タイトウク","ニシアサクサ","東京都","台東区","西浅草",0,0,1,0,0,0
13106,"111  ","1110021","トウキョウト","タイトウク","ニホンヅツミ","東京都","台東区","日本堤",0,0,1,0,0,0
13106,"111  ","1110023","トウキョウト","タイトウク","ハシバ","東京都","台東区","橋場",0,0,1,0,0,0
13106,"111  ","1110033","トウキョウト","タイトウク","ハナカワド","東京都","台東区","花川戸",0,0,1,0,0,0
13106,"111  ","1110025","トウキョウト","タイトウク","ヒガシアサクサ","東京都","台東区","東浅草",0,0,1,0,0,0
13106,"111  ","1110036","トウキョウト","タイトウク","マツガヤ","東京都","台東区","松が谷",0,0,1,0,0,0
13106,"111  ","1110055","トウキョウト","タイトウク","ミスジ","東京都","台東区","三筋",0,0,1,0,0,0
13106,"111  ","1110041","トウキョウト","タイトウク","モトアサクサ","東京都","台東区","元浅草",0,0,1,0,0,0
13106,"111  ","1110052","トウキョウト","タイトウク","ヤナギバシ","東京都","台東区","柳橋",0,0,1,0,0,0
13382,"10013","1001301","トウキョウト","ミクラジマムラ","ミクラジマムライチエン","東京都","御蔵島村","御蔵島村一円",0,0,0,0,0,0
14104,"231  ","2310000","カナガワケン","ヨコハマシナカク","イカニケイサイガナイバアイ","神奈川県","横浜市中区","以下に掲載がない場合",0,0,0,0,0,0
14104,"231  ","2310012","カナガワケン","ヨコハマシナカク","アイオイチョウ","神奈川県","横浜市中区","相生町",0,0,1,0,0,0
14104,"231  ","2310051","カナガワケン","ヨコハマシナカク","アカモンチョウ","神奈川県","横浜市中区","赤門町",0,0,1,0,0,0
14104,"231  ","2310057","カナガワケン","ヨコハマシナカク","アケボノチョウ","神奈川県","横浜市中区","曙町",0,0,1,0,0,0
14104,"231  ","2310834","カナガワケン","ヨコハマシナカク","イケブクロ","神奈川県","横浜市中区","池袋",0,0,0,0,0,0
14104,"231  ","2310868","カナガワケン","ヨコハマシナカク","イシカワチョウ","神奈川県","横浜市中区","石川町",0,0,1,0,0,0
14104,"231  ","2310045","カナガワケン","ヨコハマシナカク","イセザキチョウ","神奈川県","横浜市中区","伊勢佐木町",0,0,1,0,0,0
14104,"231  ","2310842","カナガワケン","ヨコハマシナカク","ウエノチョウ","神奈川県","横浜市中区","上野町",0,0,1,0,0,0
14104,"231  ","2310867","カナガワケン","ヨコハマシナカク","ウチコシ","神奈川県","横浜市中区","打越",0,0,0,0,0,0
14104,"231  ","2310061","カナガワケン","ヨコハマシナカク","ウチダチョウ","神奈川県","横浜市中区","内田町",0,0,0,0,0,0
14104,"231  ","2310027","カナガワケン","ヨコハマシナカク","オウギチョウ","神奈川県","横浜市中区","扇町",0,0,1,0,0,0
14104,"231  ","2310858","カナガワケン","ヨコハマシナカク","オオシバダイ","神奈川県","横浜市中区","大芝台",0,0,0,0,0,0
14104,"231  ","2310011","カナガワケン","ヨコハマシナカク","オオタマチ","神奈川県","横浜市中区","太田町",0,0,1,0,0,0
14104,"231  ","2310859","カナガワケン","ヨコハマシナカク","オオヒラチョウ","神奈川県","横浜市中区","大平町",0,0,0,0,0,0
14104,"231  ","2310028","カナガワケン","ヨコハマシナカク","オキナチョウ","神奈川県","横浜市中区","翁町",0,0,1,0,0,0
14104,"231  ","2310015","カナガワケン","ヨコハマシナカク","オノエチョウ","神奈川県","横浜市中区","尾上町",0,0,1,0,0,0
14104,"231  ","2310002","カナガワケン","ヨコハマシナカク","カイガンドオリ","神奈川県","横浜市中区","海岸通",0,0,1,0,0,0
14104,"231  ","2310866","カナガワケン","ヨコハマシナカク","カシワバ","神奈川県","横浜市中区","柏葉",0,0,0,0,0,0
14104,"231  ","2310813","カナガワケン","ヨコハマシナカク","カモメチョウ","神奈川県","横浜市中区","かもめ町",0,0,0,0,0,0
14104,"231  ","2310865","カナガワケン","ヨコハマシナカク","キタガタチョウ","神奈川県","横浜市中区","北方町",0,0,1,0,0,0
14104,"231  ","2310003","カナガワケン","ヨコハマシナカク","キタナカドオリ","神奈川県","横浜市中区","北仲通",0,0,1,0,0,0
14104,"231  ","2310054","カナガワケン","ヨコハマシナカク","コガネチョウ","神奈川県","横浜市中区","黄金町",0,0,1,0,0,0
14104,"231  ","2310026","カナガワケン","ヨコハマシナカク","コトブキチョウ","神奈川県","横浜市中区","寿町",0,0,1,0,0,0
14104,"231  ","2310802","カナガワケン","ヨコハマシナカク","コミナトチョウ","神奈川県","横浜市中区","小港町",0,0,1,0,0,0
14104,"231  ","2310848","カナガワケン","ヨコハマシナカク","サギヤマ","神奈川県","横浜市中区","鷺山",0,0,0,0,0,0
14104,"231  ","2310062","カナガワケン","ヨコハマシナカク","サクラギチョウ","神奈川県","横浜市中区","桜木町",0,0,1,0,0,0
14104,"231  ","2310001","カナガワケン","ヨコハマシナカク","シンコウ","神奈川県","横浜市中区","新港",0,0,1,0,0,0
14104,"231  ","2310801","カナガワケン","ヨコハマシナカク","シンヤマシタ","神奈川県","横浜市中区","新山下",0,0,1,0,0,0
14104,"231  ","2310046","カナガワケン","ヨコハマシナカク","スエヒロチョウ","神奈川県","横浜市中区","末広町",0,0,1,0,0,0
14104,"231  ","2310055","カナガワケン","ヨコハマシナカク","スエヨシチョウ","神奈川県","横浜市中区","末吉町",0,0,1,0,0,0
14104,"231  ","2310013","カナガワケン","ヨコハマシナカク","スミヨシチョウ","神奈川県","横浜市中区","住吉町",0,0,1,0,0,0
14104,"231  ","2310863","カナガワケン","ヨコハマシナカク","スワチョウ","神奈川県","横浜市中区","諏訪町",0,0,0,0,0,0
14104,"231  ","2310837","カナガワケン","ヨコハマシナカク","タキノウエ","神奈川県","横浜市中区","滝之上",0,0,0,0,0,0
14104,"231  ","2310847","カナガワケン","ヨコハマシナカク","タケノマル","神奈川県","横浜市中区","竹之丸",0,0,0,0,0,0
14104,"231  ","2310845","カナガワケン","ヨコハマシナカク","タテノ","神奈川県","横浜市中区","立野",0,0,0,0,0,0
14104,"231  ","2310035","カナガワケン","ヨコハマシナカク","チトセチョウ","神奈川県","横浜市中区","千歳町",0,0,0,0,0,0
14104,"231  ","2310815","カナガワケン","ヨコハマシナカク","チドリチョウ","神奈川県","横浜市中区","千鳥町",0,0,0,0,0,0
14104,"231  ","2310033","カナガワケン","ヨコハマシナカク","チョウジャマチ","神奈川県","横浜市中区","長者町",0,0,1,0,0,0
14104,"231  ","2310864","カナガワケン","ヨコハマシナカク","チヨザキチョウ","神奈川県","横浜市中区","千代崎町",0,0,1,0,0,0
14104,"231  ","2310857","カナガワケン","ヨコハマシナカク","ツカゴシ","神奈川県","横浜市中区","塚越",0,0,0,0,0,0
14104,"231  ","2310855","カナガワケン","ヨコハマシナカク","テラクボ","神奈川県","横浜市中区","寺久保",0,0,0,0,0,0
14104,"231  ","2310014","カナガワケン","ヨコハマシナカク","トキワチョウ","神奈川県","横浜市中区","常盤町",0,0,1,0,0,0
14104,"231  ","2310814","カナガワケン","ヨコハマシナカク","トヨウラチョウ","神奈川県","横浜市中区","豊浦町",0,0,0,0,0,0
14104,"231  ","2310839","カナガワケン","ヨコハマシナカク","ナカオダイ","神奈川県","横浜市中区","仲尾台",0,0,0,0,0,0
14104,"231  ","2310812","カナガワケン","ヨコハマシナカク","ニシキチョウ","神奈川県","横浜市中区","錦町",0,0,0,0,0,0
14104,"231  ","2310852","カナガワケン","ヨコハマシナカク","ニシタケノマル","神奈川県","横浜市中区","西竹之丸",0,0,0,0,0,0
14104,"231  ","2310844","カナガワケン","ヨコハマシナカク","ニシノヤチョウ","神奈川県","横浜市中区","西之谷町",0,0,0,0,0,0
14104,"231  ","2310021","カナガワケン","ヨコハマシナカク","ニホンオオドオリ","神奈川県","横浜市中区","日本大通",0,0,0,0,0,0
14104,"231  ","2310854","カナガワケン","ヨコハマシナカク","ネギシアサヒダイ","神奈川県","横浜市中区","根岸旭台",0,0,0,0,0,0
14104,"231  ","2310835","カナガワケン","ヨコハマシナカク","ネギシカゾウダイ","神奈川県","横浜市中区","根岸加曽台",0,0,0,0,0,0
14104,"231  ","2310853","カナガワケン","ヨコハマシナカク","ネギシダイ","神奈川県","横浜市中区","根岸台",0,0,0,0,0,0
14104,"231  ","2310836","カナガワケン","ヨコハマシナカク","ネギシチョウ","神奈川県","横浜市中区","根岸町",0,0,1,0,0,0
14104,"231  ","2310064","カナガワケン","ヨコハマシナカク","ノゲチョウ","神奈川県","横浜市中区","野毛町",0,0,1,0,0,0
14104,"231  ","2310047","カナガワケン","ヨコハマシナカク","ハゴロモチョウ","神奈川県","横浜市中区","羽衣町",0,0,1,0,0,0
14104,"231  ","2310053","カナガワケン","ヨコハマシナカク","ハツネチョウ","神奈川県","横浜市中区","初音町",0,0,1,0,0,0
14104,"231  ","2310063","カナガワケン","ヨコハマシナカク","ハナサキチョウ","神奈川県","横浜市中区","花咲町",0,0,1,0,0,0
14104,"231  ","2310052","カナガワケン","ヨコハマシナカク","ハナブサチョウ","神奈川県","横浜市中区","英町",0,0,0,0,0,0
14104,"231  ","2310031","カナガワケン","ヨコハマシナカク","バンダイチョウ","神奈川県","横浜市中区","万代町",0,0,1,0,0,0
14104,"231  ","2310066","カナガワケン","ヨコハマシナカク","ヒノデチョウ","神奈川県","横浜市中区","日ノ出町",0,0,1,0,0,0
14104,"231  ","2310043","カナガワケン","ヨコハマシナカク","フクトミチョウナカドオリ","神奈川県","横浜市中区","福富町仲通",0,0,0,0,0,0
14104,"231  ","2310044","カナガワケン","ヨコハマシナカク","フクトミチョウヒガシドオリ","神奈川県","横浜市中区","福富町東通",0,0,0,0,0,0
14104,"231  ","2310042","カナガワケン","ヨコハマシナカク","フクトミチョウニシドオリ","神奈川県","横浜市中区","福富町西通",0,0,0,0,0,0
14104,"231  ","2310037","カナガワケン","ヨコハマシナカク","フジミチョウ","神奈川県","横浜市中区","富士見町",0,0,0,0,0,0
14104,"231  ","2310032","カナガワケン","ヨコハマシナカク","フロウチョウ","神奈川県","横浜市中区","不老町",0,0,1,0,0,0
14104,"231  ","2310007","カナガワケン","ヨコハマシナカク","ベンテンドオリ","神奈川県","横浜市中区","弁天通",0,0,1,0,0,0
14104,"231  ","2310048","カナガワケン","ヨコハマシナカク","ホウライチョウ","神奈川県","横浜市中区","蓬莱町",0,0,1,0,0,0
14104,"231  ","2310843","カナガワケン","ヨコハマシナカク","ホンゴウチョウ","神奈川県","横浜市中区","本郷町",0,0,1,0,0,0
14104,"231  ","2310005","カナガワケン","ヨコハマシナカク","ホンチョウ","神奈川県","横浜市中区","本町",0,0,1,0,0,0
14104,"231  ","2310826","カナガワケン","ヨコハマシナカク","ホンモクアライ","神奈川県","横浜市中区","本牧荒井",0,0,0,0,0,0
14104,"231  ","2310823","カナガワケン","ヨコハマシナカク","ホンモクオオサトチョウ","神奈川県","横浜市中区","本牧大里町",0,0,0,0,0,0
14104,"231  ","2310824","カナガワケン","ヨコハマシナカク","ホンモクサンノタニ","神奈川県","横浜市中区","本牧三之谷",0,0,0,0,0,0
14104,"231  ","2310803","カナガワケン","ヨコハマシナカク","ホンモクジュウニテン","神奈川県","横浜市中区","本牧十二天",0,0,0,0,0,0
14104,"231  ","2310821","カナガワケン","ヨコハマシナカク","ホンモクハラ","神奈川県","横浜市中区","本牧原",0,0,0,0,0,0
14104,"231  ","2310811","カナガワケン","ヨコハマシナカク","ホンモクフトウ","神奈川県","横浜市中区","本牧ふ頭",0,0,0,0,0,0
14104,"231  ","2310825","カナガワケン","ヨコハマシナカク","ホンモクマカド","神奈川県","横浜市中区","本牧間門",0,0,0,0,0,0
14104,"231  ","2310833","カナガワケン","ヨコハマシナカク","ホンモクマンザカ","神奈川県","横浜市中区","本牧満坂",0,0,0,0,0,0
14104,"231  ","2310832","カナガワケン","ヨコハマシナカク","ホンモクミドリガオカ","神奈川県","横浜市中区","本牧緑ケ丘",0,0,0,0,0,0
14104,"231  ","2310804","カナガワケン","ヨコハマシナカク","ホンモクミヤバラ","神奈川県","横浜市中区","本牧宮原",0,0,0,0,0,0
14104,"231  ","2310822","カナガワケン","ヨコハマシナカク","ホンモクモトマチ","神奈川県","横浜市中区","本牧元町",0,0,0,0,0,0
14104,"231  ","2310827","カナガワケン","ヨコハマシナカク","ホンモクワダ","神奈川県","横浜市中区","本牧和田",0,0,0,0,0,0
14104,"231  ","2310806","カナガワケン","ヨコハマシナカク","ホンモクチョウ","神奈川県","横浜市中区","本牧町",0,0,1,0,0,0
14104,"231  ","2310016","カナガワケン","ヨコハマシナカク","マサゴチョウ","神奈川県","横浜市中区","真砂町",0,0,1,0,0,0
14104,"231  ","2310025","カナガワケン","ヨコハマシナカク","マツカゲチョウ","神奈川県","横浜市中区","松影町",0,0,1,0,0,0
14104,"231  ","2310838","カナガワケン","ヨコハマシナカク","マメグチダイ","神奈川県","横浜市中区","豆口台",0,0,0,0,0,0
14104,"231  ","2310017","カナガワケン","ヨコハマシナカク","ミナトチョウ","神奈川県","横浜市中区","港町",0,0,1,0,0,0
14104,"231  ","2310006","カナガワケン","ヨコハマシナカク","ミナミナカドオリ","神奈川県","横浜市中区","南仲通",0,0,1,0,0,0
14104,"231  ","2310816","カナガワケン","ヨコハマシナカク","ミナミホンモク","神奈川県","横浜市中区","南本牧",0,0,0,0,0,0
14104,"231  ","2310856","カナガワケン","ヨコハマシナカク","ミノサワ","神奈川県","横浜市中区","簑沢",0,0,0,0,0,0
14104,"231  ","2310065","カナガワケン","ヨコハマシナカク","ミヤガワチョウ","神奈川県","横浜市中区","宮川町",0,0,1,0,0,0
14104,"231  ","2310841","カナガワケン","ヨコハマシナカク","ミョウコウジダイ","神奈川県","横浜市中区","妙香寺台",0,0,0,0,0,0
14104,"231  ","2310034","カナガワケン","ヨコハマシナカク","ミヨシチョウ","神奈川県","横浜市中区","三吉町",0,0,0,0,0,0
14104,"231  ","2310849","カナガワケン","ヨコハマシナカク","ムギタチョウ","神奈川県","横浜市中区","麦田町",0,0,1,0,0,0
14104,"231  ","2310004","カナガワケン","ヨコハマシナカク","モトハマチョウ","神奈川県","横浜市中区","元浜町",0,0,1,0,0,0
14104,"231  ","2310861","カナガワケン","ヨコハマシナカク","モトマチ","神奈川県","横浜市中区","元町",0,0,1,0,0,0
14104,"231  ","2310831","カナガワケン","ヨコハマシナカク","ヤグチダイ","神奈川県","横浜市中区","矢口台",0,0,0,0,0,0
14104,"231  ","2310023","カナガワケン","ヨコハマシナカク","ヤマシタチョウ","神奈川県","横浜市中区","山下町",0,0,0,0,0,0
14104,"231  ","2310036","カナガワケン","ヨコハマシナカク","ヤマダチョウ","神奈川県","横浜市中区","山田町",0,0,0,0,0,0
14104,"231  ","2310862","カナガワケン","ヨコハマシナカク","ヤマテチョウ","神奈川県","横浜市中区","山手町",0,0,0,0,0,0
14104,"231  ","2310846","カナガワケン","ヨコハマシナカク","ヤマトチョウ","神奈川県","横浜市中区","大和町",0,0,1,0,0,0
14104,"231  ","2310038","カナガワケン","ヨコハマシナカク","ヤマブキチョウ","神奈川県","横浜市中区","山吹町",0,0,0,0,0,0
14104,"231  ","2310851","カナガワケン","ヨコハマシナカク","ヤマモトチョウ","神奈川県","横浜市中区","山元町",0,0,1,0,0,0
14104,"231  ","2310058","カナガワケン","ヨコハマシナカク","ヤヨイチョウ","神奈川県","横浜市中区","弥生町",0,0,1,0,0,0
14104,"231  ","2310022","カナガワケン","ヨコハマシナカク","ヨコハマコウエン","神奈川県","横浜市中区","横浜公園",0,0,0,0,0,0
14104,"231  ","2310041","カナガワケン","ヨコハマシナカク","ヨシダマチ","神奈川県","横浜市中区","吉田町",0,0,0,0,0,0
14104,"231  ","2310024","カナガワケン","ヨコハマシナカク","ヨシハマチョウ","神奈川県","横浜市中区","吉浜町",0,0,0,0,0,0
14104,"231  ","2310056","カナガワケン","ヨコハマシナカク","ワカバチョウ","神奈川県","横浜市中区","若葉町",0,0,1,0,0,0
14104,"231  ","2310805","カナガワケン","ヨコハマシナカク","ワダヤマ","神奈川県","横浜市中区","和田山",0,0,0,0,0,0
27127,"530  ","5300000","オオサカフ","オオサカシキタク","イカニケイサイガナイバアイ","大阪府","大阪市北区","以下に掲載がない場合",0,0,0,0,0,0
27127,"530  ","5300033","オオサカフ","オオサカシキタク","イケダチョウ","大阪府","大阪市北区","池田町",0,0,0,0,0,0
27127,"530  ","5300021","オオサカフ","オオサカシキタク","ウキダ","大阪府","大阪市北区","浮田",0,0,1,0,0,0
27127,"530  ","5300001","オオサカフ","オオサカシキタク","ウメダ","大阪府","大阪市北区","梅田",0,0,1,0,0,0
27127,"530  ","5300025","オオサカフ","オオサカシキタク","オウギマチ","大阪府","大阪市北区","扇町",0,0,1,0,0,0
27127,"530  ","5300011","オオサカフ","オオサカシキタク","オオフカチョウ","大阪府","大阪市北区","大深町",0,0,0,0,0,0
27127,"530  ","5300017","オオサカフ","オオサカシキタク","カクダチョウ","大阪府","大阪市北区","角田町",0,0,0,0,0,0
27127,"530  ","5300026","オオサカフ","オオサカシキタク","カミヤマチョウ","大阪府","大阪市北区","神山町",0,0,0,0,0,0
27127,"530  ","5300031","オオサカフ","オオサカシキタク","カンエイチョウ","大阪府","大阪市北区","菅栄町",0,0,0,0,0,0
27127,"530  ","5300023","オオサカフ","オオサカシキタク","クロサキチョウ","大阪府","大阪市北区","黒崎町",0,0,0,0,0,0
27127,"530  ","5300038","オオサカフ","オオサカシキタク","コウバイチョウ","大阪府","大阪市北区","紅梅町",0,0,0,0,0,0
27127,"530  ","5300018","オオサカフ","オオサカシキタク","コマツバラチョウ","大阪府","大阪市北区","小松原町",0,0,0,0,0,0
27127,"530  ","5300012","オオサカフ","オオサカシキタク","シバタ","大阪府","大阪市北区","芝田",0,0,1,0,0,0
27127,"530  ","5300053","オオサカフ","オオサカシキタク","スエヒロチョウ","大阪府","大阪市北区","末広町",0,0,0,0,0,0
27127,"530  ","5300046","オオサカフ","オオサカシキタク","スガハラチョウ","大阪府","大阪市北区","菅原町",0,0,0,0,0,0
27127,"530  ","5300057","オオサカフ","オオサカシキタク","ソネザキ","大阪府","大阪市北区","曽根崎",0,0,1,0,0,0
27127,"530  ","5300002","オオサカフ","オオサカシキタク","ソネザキシンチ","大阪府","大阪市北区","曽根崎新地",0,0,1,0,0,0
27127,"530  ","5300051","オオサカフ","オオサカシキタク","タイユウジチョウ","大阪府","大阪市北区","太融寺町",0,0,0,0,0,0
27127,"530  ","5300013","オオサカフ","オオサカシキタク","チャヤマチ","大阪府","大阪市北区","茶屋町",0,0,0,0,0,0
27127,"530  ","5300014","オオサカフ","オオサカシキタク","ツルノチョウ","大阪府","大阪市北区","鶴野町",0,0,0,0,0,0
27127,"530  ","5300045","オオサカフ","オオサカシキタク","テンジンニシマチ","大阪府","大阪市北区","天神西町",0,0,0,0,0,0
27127,"530  ","5300041","オオサカフ","オオサカシキタク","テンジンバシ（１−６チョウメ）","大阪府","大阪市北区","天神橋（１〜６丁目）",1,0,1,0,0,0
27127,"530  ","5300043","オオサカフ","オオサカシキタク","テンマ","大阪府","大阪市北区","天満",0,0,1,0,0,0
27127,"530  ","5300042","オオサカフ","オオサカシキタク","テンマバシ（ツギノビルヲノゾク）","大阪府","大阪市北区","天満橋（次のビルを除く）",0,0,1,0,0,0
27127,"530  ","5300003","オオサカフ","オオサカシキタク","ドウジマ","大阪府","大阪市北区","堂島",0,0,1,0,0,0
27127,"530  ","5300004","オオサカフ","オオサカシキタク","ドウジマハマ","大阪府","大阪市北区","堂島浜",0,0,1,0,0,0
27127,"530  ","5300035","オオサカフ","オオサカシキタク","ドウシン","大阪府","大阪市北区","同心",0,0,1,0,0,0
27127,"530  ","5300027","オオサカフ","オオサカシキタク","ドウヤマチョウ","大阪府","大阪市北区","堂山町",0,0,0,0,0,0
27127,"530  ","5300056","オオサカフ","オオサカシキタク","トガノチョウ","大阪府","大阪市北区","兎我野町",0,0,0,0,0,0
27127,"530  ","5300016","オオサカフ","オオサカシキタク","ナカザキ","大阪府","大阪市北区","中崎",0,0,1,0,0,0
27127,"530  ","5300015","オオサカフ","オオサカシキタク","ナカザキニシ","大阪府","大阪市北区","中崎西",0,0,1,0,0,0
27127,"530  ","5300005","オオサカフ","オオサカシキタク","ナカノシマ（ツギノビルヲノゾク）","大阪府","大阪市北区","中之島（次のビルを除く）",0,0,1,0,0,0
27127,"530  ","5300022","オオサカフ","オオサカシキタク","ナニワチョウ","大阪府","大阪市北区","浪花町",0,0,0,0,0,0
27127,"530  ","5300034","オオサカフ","オオサカシキタク","ニシキチョウ","大阪府","大阪市北区","錦町",0,0,0,0,0,0
27127,"530  ","5300047","オオサカフ","オオサカシキタク","ニシテンマ","大阪府","大阪市北区","西天満",0,0,1,0,0,0
27127,"530  ","5300055","オオサカフ","オオサカシキタク","ノザキチョウ","大阪府","大阪市北区","野崎町",0,0,0,0,0,0
27127,"530  ","5300028","オオサカフ","オオサカシキタク","バンザイチョウ","大阪府","大阪市北区","万歳町",0,0,0,0,0,0
27127,"530  ","5300044","オオサカフ","オオサカシキタク","ヒガシテンマ","大阪府","大阪市北区","東天満",0,0,1,0,0,0
27127,"530  ","5300032","オオサカフ","オオサカシキタク","ヒノクチチョウ","大阪府","大阪市北区","樋之口町",0,0,0,0,0,0
27127,"530  ","5300037","オオサカフ","オオサカシキタク","マツガエチョウ","大阪府","大阪市北区","松ケ枝町",0,0,0,0,0,0
27127,"530  ","5300052","オオサカフ","オオサカシキタク","ミナミオウギマチ","大阪府","大阪市北区","南扇町",0,0,0,0,0,0
27127,"530  ","5300054","オオサカフ","オオサカシキタク","ミナミモリマチ","大阪府","大阪市北区","南森町",0,0,1,0,0,0
27127,"530  ","5300024","オオサカフ","オオサカシキタク","ヤマザキチョウ","大阪府","大阪市北区","山崎町",0,0,0,0,0,0
27127,"530  ","5300036","オオサカフ","オオサカシキタク","ヨリキマチ","大阪府","大阪市北区","与力町",0,0,0,0,0,0
27127,"531  ","5310076","オオサカフ","オオサカシキタク","オオヨドナカ（ツギノビルヲノゾク）","大阪府","大阪市北区","大淀中（次のビルを除く）",0,0,1,0,0,0
27127,"531  ","5310075","オオサカフ","オオサカシキタク","オオヨドミナミ","大阪府","大阪市北区","大淀南",0,0,1,0,0,0
27127,"531  ","5310077","オオサカフ","オオサカシキタク","オオヨドキタ","大阪府","大阪市北区","大淀北",0,0,1,0,0,0
27127,"531  ","5310064","オオサカフ","オオサカシキタク","コクブンジ","大阪府","大阪市北区","国分寺",0,0,1,0,0,0
27127,"531  ","5310041","オオサカフ","オオサカシキタク","テンジンバシ（７、８チョウメ）","大阪府","大阪市北区","天神橋（７、８丁目）",1,0,1,0,0,0
27127,"531  ","5310072","オオサカフ","オオサカシキタク","トヨサキ","大阪府","大阪市北区","豊崎",0,0,1,0,0,0
27127,"531  ","5310071","オオサカフ","オオサカシキタク","ナカツ","大阪府","大阪市北区","中津",0,0,1,0,0,0
27127,"531  ","5310062","オオサカフ","オオサカシキタク","ナガラナカ","大阪府","大阪市北区","長柄中",0,0,1,0,0,0
27127,"531  ","5310063","オオサカフ","オオサカシキタク","ナガラヒガシ","大阪府","大阪市北区","長柄東",0,0,1,0,0,0
27127,"531  ","5310061","オオサカフ","オオサカシキタク","ナガラニシ","大阪府","大阪市北区","長柄西",0,0,1,0,0,0
27127,"531  ","5310074","オオサカフ","オオサカシキタク","ホンジョウヒガシ","大阪府","大阪市北区","本庄東",0,0,1,0,0,0
27127,"531  ","5310073","オオサカフ","オオサカシキタク","ホンジョウニシ","大阪府","大阪市北区","本庄西",0,0,1,0,0,0
